Date;Close
07/03/2023;2811,78
06/03/2023;2811,73
03/03/2023;2821,35
02/03/2023;2810,98
01/03/2023;2808,7
28/02/2023;2808,39
27/02/2023;2808,07
24/02/2023;2803,11
23/02/2023;2793,49
22/02/2023;2797,85
17/02/2023;2797,4
16/02/2023;2780,71
15/02/2023;2782,91
14/02/2023;2778,7
13/02/2023;2774,4
10/02/2023;2785,52
09/02/2023;2791,44
08/02/2023;2798,31
07/02/2023;2804,81
06/02/2023;2811,12
03/02/2023;2815,69
02/02/2023;2814,15
01/02/2023;2807,02
31/01/2023;2821,14
30/01/2023;2807,88
27/01/2023;2809,46
26/01/2023;2809,44
25/01/2023;2816,54
24/01/2023;2811,9
23/01/2023;2815,86
20/01/2023;2826,67
19/01/2023;2824,92
18/01/2023;2838,73
17/01/2023;2838,03
16/01/2023;2840,79
13/01/2023;2838,74
12/01/2023;2833,33
11/01/2023;2839,07
10/01/2023;2845,39
09/01/2023;2845,35
06/01/2023;2850,98
05/01/2023;2855,86
04/01/2023;2846,9
03/01/2023;2855,21
02/01/2023;2861,1
29/12/2022;2867,13
28/12/2022;2850,52
27/12/2022;2834,46
26/12/2022;2826,99
23/12/2022;2820,03
22/12/2022;2801,14
21/12/2022;2799,72
20/12/2022;2779,54
19/12/2022;2762,37
16/12/2022;2780,48
15/12/2022;2786,08
14/12/2022;2801,87
13/12/2022;2827,17
12/12/2022;2846,77
09/12/2022;2866,28
08/12/2022;2862,98
07/12/2022;2876,21
06/12/2022;2881,58
05/12/2022;2889,07
02/12/2022;2893,69
01/12/2022;2877,88
30/11/2022;2867,21
29/11/2022;2851,29
28/11/2022;2850,52
25/11/2022;2852,69
24/11/2022;2858,55
23/11/2022;2858,85
22/11/2022;2866,5
21/11/2022;2867,85
18/11/2022;2878,28
17/11/2022;2864,01
16/11/2022;2914,4
14/11/2022;2931,19
11/11/2022;2934,71
10/11/2022;2941,54
09/11/2022;2969,14
08/11/2022;2983,37
07/11/2022;2987,19
04/11/2022;2993,06
03/11/2022;2988,75
01/11/2022;2989,15
31/10/2022;2991,45
28/10/2022;2993,69
27/10/2022;2992,35
26/10/2022;2991
25/10/2022;2993,37
24/10/2022;2993,16
21/10/2022;2999,05
20/10/2022;2992,35
19/10/2022;2986,43
18/10/2022;2987,1
17/10/2022;2982,34
14/10/2022;2991,66
13/10/2022;2992,58
11/10/2022;2999,96
10/10/2022;2998,46
07/10/2022;3002,83
06/10/2022;2995,6
05/10/2022;2986,5
04/10/2022;2985,08
03/10/2022;2982,9
30/09/2022;2990,8
29/09/2022;2972,49
28/09/2022;2975,15
27/09/2022;2979,49
26/09/2022;2984,31
23/09/2022;2990,3
22/09/2022;2994,65
21/09/2022;2989,12
20/09/2022;2987,89
19/09/2022;2983,78
16/09/2022;2984,44
15/09/2022;2971,49
14/09/2022;2968,92
13/09/2022;2973,51
12/09/2022;2973,68
09/09/2022;2980,06
08/09/2022;2974,43
06/09/2022;2977,07
05/09/2022;2980,81
02/09/2022;2975,51
01/09/2022;2968,97
31/08/2022;2976,23
30/08/2022;2957,24
29/08/2022;2952,45
26/08/2022;2940,71
25/08/2022;2933,26
24/08/2022;2929,11
23/08/2022;2931,46
22/08/2022;2929,78
19/08/2022;2923,16
18/08/2022;2920,92
17/08/2022;2916,99
16/08/2022;2908,29
15/08/2022;2902,06
12/08/2022;2870,95
11/08/2022;2851,58
10/08/2022;2832,94
09/08/2022;2825,74
08/08/2022;2821,16
05/08/2022;2817,42
04/08/2022;2811,2
03/08/2022;2806,25
02/08/2022;2808,65
01/08/2022;2803,32
29/07/2022;2814,1
28/07/2022;2801,68
27/07/2022;2794,62
26/07/2022;2794
25/07/2022;2792,96
22/07/2022;2793,34
21/07/2022;2791,03
20/07/2022;2789,52
19/07/2022;2784,13
18/07/2022;2779,77
15/07/2022;2778,14
14/07/2022;2775,88
13/07/2022;2773,14
12/07/2022;2780,3
11/07/2022;2786,81
08/07/2022;2792,01
07/07/2022;2792,59
06/07/2022;2788,63
05/07/2022;2783,8
04/07/2022;2793,4
01/07/2022;2792,12
30/06/2022;2795,62
29/06/2022;2792,39
28/06/2022;2793,71
27/06/2022;2800,55
24/06/2022;2802,37
23/06/2022;2802,66
22/06/2022;2808,42
21/06/2022;2813,08
20/06/2022;2811,25
17/06/2022;2802,02
15/06/2022;2804,38
14/06/2022;2801,27
13/06/2022;2802,54
10/06/2022;2813,64
09/06/2022;2817,79
08/06/2022;2822,8
07/06/2022;2824,87
06/06/2022;2829,29
03/06/2022;2830,26
02/06/2022;2826,25
01/06/2022;2823,08
31/05/2022;2820,45
30/05/2022;2812,62
27/05/2022;2806,52
26/05/2022;2795,69
25/05/2022;2793,18
24/05/2022;2791,1
23/05/2022;2789,37
20/05/2022;2784,57
19/05/2022;2779,16
18/05/2022;2777,46
17/05/2022;2776,62
16/05/2022;2768,63
13/05/2022;2771,87
12/05/2022;2755,79
11/05/2022;2763,86
10/05/2022;2768,12
09/05/2022;2769,8
06/05/2022;2779,36
05/05/2022;2782,46
04/05/2022;2787,91
03/05/2022;2794,89
02/05/2022;2798,16
29/04/2022;2813,06
28/04/2022;2804,83
27/04/2022;2801,2
26/04/2022;2801,99
25/04/2022;2805,31
22/04/2022;2810,29
20/04/2022;2808,21
19/04/2022;2805,38
18/04/2022;2801,91
14/04/2022;2808,6
13/04/2022;2803,59
12/04/2022;2808,97
11/04/2022;2807,58
08/04/2022;2808,83
07/04/2022;2805,35
06/04/2022;2803,89
05/04/2022;2805,6
04/04/2022;2807,19
01/04/2022;2798,71
31/03/2022;2779,97
30/03/2022;2772,17
29/03/2022;2762,05
28/03/2022;2748,26
25/03/2022;2748,27
24/03/2022;2732,68
23/03/2022;2734,59
22/03/2022;2730,52
21/03/2022;2720,15
18/03/2022;2719,17
17/03/2022;2708,51
16/03/2022;2710,31
15/03/2022;2707,76
14/03/2022;2704,57
11/03/2022;2719,78
10/03/2022;2724,42
09/03/2022;2724,8
08/03/2022;2725,71
07/03/2022;2730,86
04/03/2022;2741,72
03/03/2022;2742,02
02/03/2022;2736,58
25/02/2022;2741,15
24/02/2022;2709,75
23/02/2022;2729,33
22/02/2022;2733,35
21/02/2022;2741,59
18/02/2022;2751,56
17/02/2022;2746,55
16/02/2022;2747,53
15/02/2022;2750,97
14/02/2022;2753,16
11/02/2022;2762,7
10/02/2022;2761,03
09/02/2022;2763,76
08/02/2022;2762,57
07/02/2022;2765,64
04/02/2022;2771,91
03/02/2022;2767,59
02/02/2022;2771,01
01/02/2022;2776,61
31/01/2022;2776,92
28/01/2022;2769,9
27/01/2022;2767,02
26/01/2022;2772,94
25/01/2022;2792,61
24/01/2022;2799,78
21/01/2022;2810,25
20/01/2022;2804,56
19/01/2022;2807,06
18/01/2022;2802,02
17/01/2022;2795,85
14/01/2022;2782,9
13/01/2022;2764,6
12/01/2022;2764,28
11/01/2022;2754,41
10/01/2022;2752,14
07/01/2022;2759,57
06/01/2022;2757,29
05/01/2022;2760,14
04/01/2022;2787,26
03/01/2022;2789,14
30/12/2021;2804,79
29/12/2021;2789,32
28/12/2021;2768,02
27/12/2021;2743,68
23/12/2021;2724,6
22/12/2021;2706,64
21/12/2021;2703,24
20/12/2021;2695,05
17/12/2021;2694,73
16/12/2021;2681,35
15/12/2021;2676,14
14/12/2021;2668,73
13/12/2021;2673,92
10/12/2021;2673,94
09/12/2021;2669,06
08/12/2021;2673,21
07/12/2021;2660,89
06/12/2021;2643,1
03/12/2021;2610,67
02/12/2021;2582,87
01/12/2021;2581,29
30/11/2021;2578,4
29/11/2021;2563,76
26/11/2021;2541,52
25/11/2021;2545,98
24/11/2021;2546,87
23/11/2021;2563,61
22/11/2021;2581,43
19/11/2021;2594,13
18/11/2021;2591,02
17/11/2021;2603,62
16/11/2021;2612,67
12/11/2021;2617,76
11/11/2021;2621,88
10/11/2021;2627,2
09/11/2021;2627,19
08/11/2021;2640,44
05/11/2021;2654,89
04/11/2021;2655,4
03/11/2021;2664,97
01/11/2021;2673,23
29/10/2021;2675,68
28/10/2021;2673,93
27/10/2021;2680,78
26/10/2021;2693,64
25/10/2021;2708
22/10/2021;2712,38
21/10/2021;2724,94
20/10/2021;2738,39
19/10/2021;2740,06
18/10/2021;2747,55
15/10/2021;2743,93
14/10/2021;2732,67
13/10/2021;2727,86
11/10/2021;2727,06
08/10/2021;2716,47
07/10/2021;2710,86
06/10/2021;2711
05/10/2021;2707,94
04/10/2021;2707,39
01/10/2021;2714,62
30/09/2021;2715,67
29/09/2021;2700,36
28/09/2021;2700,32
27/09/2021;2711,76
24/09/2021;2709,4
23/09/2021;2705,38
22/09/2021;2702,5
21/09/2021;2699,37
20/09/2021;2700,59
17/09/2021;2729,83
16/09/2021;2727,68
15/09/2021;2730,93
14/09/2021;2728,31
13/09/2021;2727,5
10/09/2021;2727,91
09/09/2021;2720,14
08/09/2021;2715,09
06/09/2021;2732,95
03/09/2021;2733,24
02/09/2021;2745,42
01/09/2021;2750,74
31/08/2021;2749,84
30/08/2021;2741,19
27/08/2021;2731,21
26/08/2021;2723,55
25/08/2021;2720,95
24/08/2021;2720,6
23/08/2021;2719,43
20/08/2021;2705,34
19/08/2021;2690,63
18/08/2021;2703,4
17/08/2021;2708,3
16/08/2021;2725,1
13/08/2021;2741,11
12/08/2021;2722,32
11/08/2021;2739,91
10/08/2021;2755,49
09/08/2021;2769,53
06/08/2021;2778,56
05/08/2021;2781,02
04/08/2021;2792,66
03/08/2021;2800,61
02/08/2021;2812,66
30/07/2021;2824,12
29/07/2021;2818,91
28/07/2021;2816,91
27/07/2021;2817,51
26/07/2021;2825,37
23/07/2021;2828,23
22/07/2021;2834,13
21/07/2021;2837,73
20/07/2021;2839,66
19/07/2021;2836,18
16/07/2021;2841,35
15/07/2021;2838,73
14/07/2021;2830,85
13/07/2021;2823,81
12/07/2021;2797,9
08/07/2021;2762,03
07/07/2021;2762,35
06/07/2021;2761,49
05/07/2021;2755,59
02/07/2021;2760,17
01/07/2021;2754,03
30/06/2021;2754,89
29/06/2021;2746,1
28/06/2021;2705,84
25/06/2021;2725,08
24/06/2021;2781,25
23/06/2021;2780,49
22/06/2021;2797,57
21/06/2021;2811,17
18/06/2021;2813,31
17/06/2021;2812,84
16/06/2021;2815,53
15/06/2021;2819,37
14/06/2021;2821,96
11/06/2021;2828,76
10/06/2021;2831,3
09/06/2021;2831,97
08/06/2021;2829,65
07/06/2021;2827,51
04/06/2021;2827,76
02/06/2021;2821,95
01/06/2021;2811,56
31/05/2021;2816,46
28/05/2021;2811,62
27/05/2021;2792,67
26/05/2021;2788,35
25/05/2021;2799,18
24/05/2021;2802,82
21/05/2021;2804,05
20/05/2021;2806,47
19/05/2021;2801,32
18/05/2021;2808,13
17/05/2021;2811,1
14/05/2021;2826,1
13/05/2021;2827,6
12/05/2021;2831,09
11/05/2021;2839,4
10/05/2021;2846,28
07/05/2021;2856,63
06/05/2021;2855,28
05/05/2021;2855,05
04/05/2021;2856,22
03/05/2021;2862,43
30/04/2021;2861,15
29/04/2021;2849,01
28/04/2021;2842,39
27/04/2021;2845,36
26/04/2021;2844,48
23/04/2021;2844,63
22/04/2021;2839,26
20/04/2021;2841,92
19/04/2021;2840,8
16/04/2021;2847,43
15/04/2021;2843,51
14/04/2021;2840,54
13/04/2021;2843,37
12/04/2021;2845,01
09/04/2021;2849,29
08/04/2021;2842,59
07/04/2021;2843,3
06/04/2021;2843,98
05/04/2021;2847,64
01/04/2021;2850,01
31/03/2021;2846,77
30/03/2021;2831,81
29/03/2021;2818,9
26/03/2021;2817,7
25/03/2021;2813,8
24/03/2021;2814,61
23/03/2021;2813,96
22/03/2021;2815,54
19/03/2021;2819,14
18/03/2021;2808,71
17/03/2021;2817,2
16/03/2021;2822,95
15/03/2021;2830,93
12/03/2021;2838,26
11/03/2021;2837,05
10/03/2021;2833,63
09/03/2021;2842,75
08/03/2021;2845,42
05/03/2021;2852,68
04/03/2021;2847,69
03/03/2021;2848,75
02/03/2021;2858,81
01/03/2021;2877,22
26/02/2021;2886,53
25/02/2021;2893,8
24/02/2021;2892
23/02/2021;2890,43
22/02/2021;2874,92
19/02/2021;2893,97
18/02/2021;2890,77
17/02/2021;2895,4
12/02/2021;2897,24
11/02/2021;2893,98
10/02/2021;2892,16
09/02/2021;2892,1
08/02/2021;2892,19
05/02/2021;2894,79
04/02/2021;2883,22
03/02/2021;2881,84
02/02/2021;2880,7
01/02/2021;2874,91
29/01/2021;2879,45
28/01/2021;2872,16
27/01/2021;2861,18
26/01/2021;2861,74
22/01/2021;2862,97
21/01/2021;2870,6
20/01/2021;2870,21
19/01/2021;2866,3
18/01/2021;2860,21
15/01/2021;2857,94
14/01/2021;2854,99
13/01/2021;2851,86
12/01/2021;2855,47
11/01/2021;2863,8
08/01/2021;2867,4
07/01/2021;2863,51
06/01/2021;2869,74
05/01/2021;2867,53
04/01/2021;2867,47
30/12/2020;2870,15
29/12/2020;2855,04
28/12/2020;2834,64
23/12/2020;2828,44
22/12/2020;2807,15
21/12/2020;2794,56
18/12/2020;2794,43
17/12/2020;2775,78
16/12/2020;2770,64
15/12/2020;2767,43
14/12/2020;2761,41
11/12/2020;2768,67
10/12/2020;2767,58
09/12/2020;2770,66
08/12/2020;2780
07/12/2020;2783,24
04/12/2020;2794,18
03/12/2020;2800,62
02/12/2020;2797,73
01/12/2020;2803,51
30/11/2020;2808,56
27/11/2020;2811,53
26/11/2020;2800,38
25/11/2020;2799,5
24/11/2020;2796,51
23/11/2020;2796,93
20/11/2020;2796,04
19/11/2020;2794,79
18/11/2020;2800,89
17/11/2020;2802,81
16/11/2020;2802,89
13/11/2020;2803,4
12/11/2020;2801,26
11/11/2020;2806,66
10/11/2020;2807,15
09/11/2020;2802,95
06/11/2020;2795,03
05/11/2020;2785,99
04/11/2020;2772,49
03/11/2020;2766,55
30/10/2020;2766,76
29/10/2020;2774,58
28/10/2020;2772,92
27/10/2020;2803,01
26/10/2020;2809,86
23/10/2020;2820,44
22/10/2020;2826,99
21/10/2020;2828,75
20/10/2020;2823,75
19/10/2020;2818,1
16/10/2020;2816,83
15/10/2020;2812,68
14/10/2020;2809,74
13/10/2020;2808,27
09/10/2020;2807,77
08/10/2020;2804,78
07/10/2020;2799,27
06/10/2020;2795,05
05/10/2020;2788,64
02/10/2020;2794,91
01/10/2020;2789,15
30/09/2020;2794,88
29/09/2020;2784,2
28/09/2020;2782,18
25/09/2020;2788,11
24/09/2020;2789,57
23/09/2020;2790,19
22/09/2020;2788,81
21/09/2020;2787,27
18/09/2020;2797,82
17/09/2020;2800,04
16/09/2020;2802,76
15/09/2020;2802,19
14/09/2020;2792,76
11/09/2020;2791,8
10/09/2020;2793,01
09/09/2020;2788,53
08/09/2020;2786,82
04/09/2020;2789,02
03/09/2020;2779,62
02/09/2020;2782,69
01/09/2020;2774,66
31/08/2020;2782,1
28/08/2020;2781,84
27/08/2020;2777,87
26/08/2020;2776,67
25/08/2020;2777,4
24/08/2020;2780,18
21/08/2020;2770,66
20/08/2020;2760,78
19/08/2020;2758,46
18/08/2020;2755,25
17/08/2020;2748,6
14/08/2020;2755,67
13/08/2020;2747,56
12/08/2020;2740,77
11/08/2020;2745,38
10/08/2020;2745,67
07/08/2020;2732,44
06/08/2020;2712,45
05/08/2020;2720,52
04/08/2020;2714,29
03/08/2020;2714,27
31/07/2020;2733,12
30/07/2020;2733,65
29/07/2020;2723,24
28/07/2020;2722,71
27/07/2020;2722,77
24/07/2020;2730,92
23/07/2020;2732,84
22/07/2020;2735,69
21/07/2020;2732,19
20/07/2020;2724,51
17/07/2020;2741,64
16/07/2020;2743,44
15/07/2020;2746,23
14/07/2020;2742,7
13/07/2020;2751,18
10/07/2020;2766,91
09/07/2020;2766,1
08/07/2020;2779,58
07/07/2020;2798,33
06/07/2020;2802,41
03/07/2020;2813,16
02/07/2020;2813,15
01/07/2020;2816,04
30/06/2020;2806,28
29/06/2020;2787,24
26/06/2020;2790,38
25/06/2020;2793,05
24/06/2020;2786,72
23/06/2020;2793,51
22/06/2020;2792,42
19/06/2020;2804,01
18/06/2020;2794,67
17/06/2020;2789,07
16/06/2020;2783,49
15/06/2020;2777,82
12/06/2020;2782,02
10/06/2020;2799,38
09/06/2020;2792,45
08/06/2020;2793,52
05/06/2020;2772,83
04/06/2020;2744,8
03/06/2020;2730,43
02/06/2020;2704,72
01/06/2020;2676,23
29/05/2020;2657,68
28/05/2020;2640,32
27/05/2020;2627,96
26/05/2020;2615,54
25/05/2020;2604,32
22/05/2020;2588,1
21/05/2020;2575,66
20/05/2020;2569,9
19/05/2020;2567,31
18/05/2020;2563,83
15/05/2020;2563,3
14/05/2020;2548,03
13/05/2020;2558,59
12/05/2020;2581,18
11/05/2020;2588,09
08/05/2020;2582,78
07/05/2020;2579,97
06/05/2020;2586,36
05/05/2020;2587,55
04/05/2020;2582,49
30/04/2020;2603,62
29/04/2020;2593,26
28/04/2020;2572,87
27/04/2020;2556,91
24/04/2020;2528,53
23/04/2020;2592,54
22/04/2020;2573,06
20/04/2020;2555,55
17/04/2020;2559,48
16/04/2020;2550,18
15/04/2020;2544,44
14/04/2020;2549,17
13/04/2020;2527,66
09/04/2020;2520,21
08/04/2020;2503,81
07/04/2020;2483,42
06/04/2020;2438,11
03/04/2020;2417,74
02/04/2020;2445,74
01/04/2020;2464,29
31/03/2020;2494,1
30/03/2020;2477,3
27/03/2020;2468,85
26/03/2020;2443,24
25/03/2020;2360,05
24/03/2020;2230,21
23/03/2020;2169,26
20/03/2020;2276,6
19/03/2020;2207,27
18/03/2020;2187,38
17/03/2020;2520,9
16/03/2020;2575,81
13/03/2020;2701,07
12/03/2020;2661,41
11/03/2020;2848,51
10/03/2020;2901,68
09/03/2020;2861,03
06/03/2020;2966,33
05/03/2020;2993,95
04/03/2020;3002,8
03/03/2020;2999,09
02/03/2020;2985,33
28/02/2020;2963,81
27/02/2020;2972,46
26/02/2020;2972,68
21/02/2020;3017,57
20/02/2020;3013,12
19/02/2020;3012,92
18/02/2020;3025,36
17/02/2020;3046,95
14/02/2020;3048,93
13/02/2020;3039,6
12/02/2020;3034,2
11/02/2020;3020,31
10/02/2020;3004,57
07/02/2020;3028,28
06/02/2020;3042,87
05/02/2020;3048,45
04/02/2020;3058,55
03/02/2020;3056
31/01/2020;3077,28
30/01/2020;3076,05
29/01/2020;3087,9
28/01/2020;3100,09
27/01/2020;3092,23
24/01/2020;3119,91
23/01/2020;3121,21
22/01/2020;3120,4
21/01/2020;3126,08
20/01/2020;3139,22
17/01/2020;3151,07
16/01/2020;3162,3
15/01/2020;3175,2
14/01/2020;3182,53
13/01/2020;3179,4
10/01/2020;3174,95
09/01/2020;3167,49
08/01/2020;3183,95
07/01/2020;3239,81
06/01/2020;3249,5
03/01/2020;3253,76
02/01/2020;3225,15
30/12/2019;3197,58
27/12/2019;3169,3
26/12/2019;3134,8
23/12/2019;3085,82
20/12/2019;3051,8
19/12/2019;3026,27
18/12/2019;3011,59
17/12/2019;2996,62
16/12/2019;2989,96
13/12/2019;2981,04
12/12/2019;2971,83
11/12/2019;2958,78
10/12/2019;2945,86
09/12/2019;2934,71
06/12/2019;2931,27
05/12/2019;2919,17
04/12/2019;2916,28
03/12/2019;2907,52
02/12/2019;2891,75
29/11/2019;2890,26
28/11/2019;2884,48
27/11/2019;2877,26
26/11/2019;2876,59
25/11/2019;2872,55
22/11/2019;2872,09
21/11/2019;2859,15
19/11/2019;2852,15
18/11/2019;2838,35
14/11/2019;2829,72
13/11/2019;2824,79
12/11/2019;2827,77
11/11/2019;2828,66
08/11/2019;2833,05
07/11/2019;2826,51
06/11/2019;2813,64
05/11/2019;2802,38
04/11/2019;2804,89
01/11/2019;2795,75
31/10/2019;2791,98
30/10/2019;2778,21
29/10/2019;2769,7
28/10/2019;2769,04
25/10/2019;2766,4
24/10/2019;2758,91
23/10/2019;2755,39
22/10/2019;2747,45
21/10/2019;2741,27
18/10/2019;2726,26
17/10/2019;2717,31
16/10/2019;2715,72
15/10/2019;2706,09
14/10/2019;2697,47
11/10/2019;2696,63
10/10/2019;2689,04
09/10/2019;2684,61
08/10/2019;2682,96
07/10/2019;2681,53
04/10/2019;2682,49
03/10/2019;2676,04
02/10/2019;2676,91
01/10/2019;2677,01
30/09/2019;2684,26
27/09/2019;2677,78
26/09/2019;2669,54
25/09/2019;2672,36
24/09/2019;2667,86
23/09/2019;2666,58
20/09/2019;2667,64
19/09/2019;2664,49
18/09/2019;2659
17/09/2019;2658,98
16/09/2019;2655,74
13/09/2019;2658,16
12/09/2019;2655,65
11/09/2019;2652,17
10/09/2019;2657,64
09/09/2019;2658,09
06/09/2019;2659,71
05/09/2019;2660,31
04/09/2019;2662,14
03/09/2019;2657,43
02/09/2019;2656,72
30/08/2019;2656,69
29/08/2019;2639,44
28/08/2019;2632,17
27/08/2019;2624,23
26/08/2019;2621,43
23/08/2019;2627,45
22/08/2019;2626,34
21/08/2019;2625,5
20/08/2019;2623,98
19/08/2019;2633,37
16/08/2019;2637,13
15/08/2019;2627,05
14/08/2019;2629,32
13/08/2019;2635,88
12/08/2019;2629,19
09/08/2019;2638,89
08/08/2019;2650,85
07/08/2019;2653,35
06/08/2019;2649,55
05/08/2019;2647,27
02/08/2019;2661,5
01/08/2019;2653,18
31/07/2019;2659,55
30/07/2019;2650,15
29/07/2019;2644,17
26/07/2019;2633,75
25/07/2019;2625,78
24/07/2019;2628,58
23/07/2019;2626,85
22/07/2019;2621,86
19/07/2019;2624,71
18/07/2019;2628,92
17/07/2019;2628,5
16/07/2019;2623,53
15/07/2019;2620,09
12/07/2019;2624,18
11/07/2019;2625,4
10/07/2019;2628,66
08/07/2019;2637,88
05/07/2019;2641,22
04/07/2019;2634,87
03/07/2019;2639,02
02/07/2019;2630,89
01/07/2019;2628,59
28/06/2019;2626,1
27/06/2019;2609,38
26/06/2019;2604,72
25/06/2019;2598,14
24/06/2019;2598,1
21/06/2019;2592,55
19/06/2019;2580,49
18/06/2019;2573,35
17/06/2019;2563,84
14/06/2019;2561,24
13/06/2019;2559,06
12/06/2019;2559,73
11/06/2019;2560,29
10/06/2019;2565,06
07/06/2019;2567,99
06/06/2019;2560,6
05/06/2019;2558,86
04/06/2019;2557,3
03/06/2019;2557
31/05/2019;2552,69
30/05/2019;2543,76
29/05/2019;2528,64
28/05/2019;2522,48
27/05/2019;2519,2
24/05/2019;2517,57
23/05/2019;2510,46
22/05/2019;2509,97
21/05/2019;2503,36
20/05/2019;2497,66
17/05/2019;2497,36
16/05/2019;2496,88
15/05/2019;2491,04
14/05/2019;2488,87
13/05/2019;2484,23
10/05/2019;2491,99
09/05/2019;2493,3
08/05/2019;2496,46
07/05/2019;2496,06
06/05/2019;2496,26
03/05/2019;2505,47
02/05/2019;2503,68
30/04/2019;2508,45
29/04/2019;2498,43
26/04/2019;2498,02
25/04/2019;2491,3
24/04/2019;2492,85
23/04/2019;2493,87
22/04/2019;2491,7
18/04/2019;2492,38
17/04/2019;2486,97
16/04/2019;2483,87
15/04/2019;2487,86
12/04/2019;2483,05
11/04/2019;2486,53
10/04/2019;2481,79
09/04/2019;2481,74
08/04/2019;2480,4
05/04/2019;2484,62
04/04/2019;2485,93
03/04/2019;2486,19
02/04/2019;2482,52
01/04/2019;2481,83
29/03/2019;2482,93
28/03/2019;2476,55
27/03/2019;2474
26/03/2019;2480,79
25/03/2019;2473,97
22/03/2019;2471,35
21/03/2019;2481,89
20/03/2019;2483,05
19/03/2019;2480,17
18/03/2019;2485,35
15/03/2019;2482,77
14/03/2019;2471,01
13/03/2019;2464,92
12/03/2019;2464,68
11/03/2019;2463,5
08/03/2019;2460,08
07/03/2019;2457,1
06/03/2019;2451,69
01/03/2019;2444,36
28/02/2019;2434,56
27/02/2019;2420,88
26/02/2019;2409,46
25/02/2019;2403,94
22/02/2019;2413,9
21/02/2019;2409,82
20/02/2019;2418,27
19/02/2019;2413,19
18/02/2019;2413,49
15/02/2019;2406,91
14/02/2019;2404,01
13/02/2019;2403,97
12/02/2019;2403,81
11/02/2019;2405,91
08/02/2019;2402,61
07/02/2019;2400,83
06/02/2019;2398,71
05/02/2019;2404,14
04/02/2019;2405,57
01/02/2019;2407,87
31/01/2019;2409,69
30/01/2019;2398,05
29/01/2019;2392,97
28/01/2019;2380,57
24/01/2019;2387,99
23/01/2019;2390,37
22/01/2019;2395,49
21/01/2019;2396,42
18/01/2019;2398,21
17/01/2019;2390,51
16/01/2019;2390,77
15/01/2019;2386,35
14/01/2019;2388,03
11/01/2019;2388,43
10/01/2019;2387,98
09/01/2019;2392,57
08/01/2019;2390,14
07/01/2019;2389,3
04/01/2019;2385,1
03/01/2019;2379,19
02/01/2019;2367,76
28/12/2018;2351,59
27/12/2018;2344,94
26/12/2018;2332,14
21/12/2018;2330,08
20/12/2018;2311,48
19/12/2018;2310,03
18/12/2018;2310,14
17/12/2018;2305,49
14/12/2018;2305,39
13/12/2018;2299,15
12/12/2018;2293,65
11/12/2018;2298,56
10/12/2018;2295,93
07/12/2018;2296,03
06/12/2018;2294,61
05/12/2018;2294,96
04/12/2018;2293,69
03/12/2018;2302,1
30/11/2018;2300,48
29/11/2018;2300,05
28/11/2018;2290,54
27/11/2018;2287,26
26/11/2018;2288,07
23/11/2018;2283,67
22/11/2018;2283,03
21/11/2018;2279,64
19/11/2018;2283,02
16/11/2018;2277,63
14/11/2018;2272,16
13/11/2018;2259,91
12/11/2018;2262,11
09/11/2018;2260,28
08/11/2018;2253,85
07/11/2018;2253,28
06/11/2018;2249,32
05/11/2018;2251,56
01/11/2018;2250,63
31/10/2018;2242,45
30/10/2018;2234
29/10/2018;2223,38
26/10/2018;2220,24
25/10/2018;2213,86
24/10/2018;2207,34
23/10/2018;2206,57
22/10/2018;2200,88
19/10/2018;2192,19
18/10/2018;2188,43
17/10/2018;2189,14
16/10/2018;2187,12
15/10/2018;2188,25
11/10/2018;2176,07
10/10/2018;2174,2
09/10/2018;2172,49
08/10/2018;2159,51
05/10/2018;2153,11
04/10/2018;2141,89
03/10/2018;2145,82
02/10/2018;2133,45
01/10/2018;2128,39
28/09/2018;2134,81
27/09/2018;2128,83
26/09/2018;2129,03
25/09/2018;2135,01
24/09/2018;2141,55
21/09/2018;2141,8
20/09/2018;2142,51
19/09/2018;2141,61
18/09/2018;2137,17
17/09/2018;2134,08
14/09/2018;2132,52
13/09/2018;2137,97
12/09/2018;2134,4
11/09/2018;2126,87
10/09/2018;2131,94
06/09/2018;2135,76
05/09/2018;2135,83
04/09/2018;2135,25
03/09/2018;2135,48
31/08/2018;2139,4
30/08/2018;2136,19
29/08/2018;2134,69
28/08/2018;2136,4
27/08/2018;2134,77
24/08/2018;2131,18
23/08/2018;2131,27
22/08/2018;2142,26
21/08/2018;2144,55
20/08/2018;2142,42
17/08/2018;2149,2
16/08/2018;2152,39
15/08/2018;2140,86
14/08/2018;2145,1
13/08/2018;2139,4
10/08/2018;2143,81
09/08/2018;2152,58
08/08/2018;2152,59
07/08/2018;2152,16
06/08/2018;2154,62
03/08/2018;2154,22
02/08/2018;2150,58
01/08/2018;2148,86
31/07/2018;2154,45
30/07/2018;2145,7
27/07/2018;2144,93
26/07/2018;2146,89
25/07/2018;2152,69
24/07/2018;2151,14
23/07/2018;2153,39
20/07/2018;2155,23
19/07/2018;2150,28
18/07/2018;2147,97
17/07/2018;2147,82
16/07/2018;2139,57
13/07/2018;2146,83
12/07/2018;2143,88
11/07/2018;2155,63
10/07/2018;2148,73
06/07/2018;2153,81
05/07/2018;2149,04
04/07/2018;2139,65
03/07/2018;2144,41
02/07/2018;2132,79
29/06/2018;2125,22
28/06/2018;2110,91
27/06/2018;2109,27
26/06/2018;2101,82
25/06/2018;2093,83
22/06/2018;2094,5
21/06/2018;2091,36
20/06/2018;2089,3
19/06/2018;2085,24
18/06/2018;2090,17
15/06/2018;2106,21
14/06/2018;2118,5
13/06/2018;2127,6
12/06/2018;2136,04
11/06/2018;2139,1
08/06/2018;2142,99
07/06/2018;2161,65
06/06/2018;2195,05
05/06/2018;2209,89
04/06/2018;2211,56
01/06/2018;2211,67
30/05/2018;2214,11
29/05/2018;2203,59
28/05/2018;2184,69
25/05/2018;2206,63
24/05/2018;2209,39
23/05/2018;2220,02
22/05/2018;2217,75
21/05/2018;2239,4
18/05/2018;2250,83
17/05/2018;2265,2
16/05/2018;2277,69
15/05/2018;2294,26
14/05/2018;2300,95
11/05/2018;2303,06
10/05/2018;2302,68
09/05/2018;2305,52
08/05/2018;2309,05
07/05/2018;2313,08
04/05/2018;2327,39
03/05/2018;2327,3
02/05/2018;2326,43
30/04/2018;2337,25
27/04/2018;2325,79
26/04/2018;2319,61
25/04/2018;2315,88
24/04/2018;2326,74
23/04/2018;2330,99
20/04/2018;2334,12
19/04/2018;2340,63
18/04/2018;2341
17/04/2018;2344,62
16/04/2018;2343,29
13/04/2018;2348,67
12/04/2018;2346,08
11/04/2018;2347,54
10/04/2018;2346,64
09/04/2018;2352,34
06/04/2018;2362,18
05/04/2018;2351,57
04/04/2018;2359,67
03/04/2018;2359,13
02/04/2018;2353,96
29/03/2018;2357,54
28/03/2018;2353,52
27/03/2018;2349,61
26/03/2018;2345,65
23/03/2018;2338,57
22/03/2018;2333,53
21/03/2018;2328,01
20/03/2018;2329,47
19/03/2018;2324,41
16/03/2018;2322,11
15/03/2018;2322,04
14/03/2018;2317,86
13/03/2018;2316,95
12/03/2018;2312,85
09/03/2018;2307,55
08/03/2018;2301,44
07/03/2018;2296,47
06/03/2018;2294,79
05/03/2018;2295,4
02/03/2018;2297,1
01/03/2018;2303,74
28/02/2018;2311,41
27/02/2018;2296,52
26/02/2018;2297,99
23/02/2018;2294,88
22/02/2018;2287,55
21/02/2018;2284,85
20/02/2018;2282,65
19/02/2018;2279,83
16/02/2018;2277,59
15/02/2018;2269,92
14/02/2018;2268,43
09/02/2018;2268,57
08/02/2018;2267,28
07/02/2018;2267,09
06/02/2018;2267,62
05/02/2018;2267,36
02/02/2018;2272,8
01/02/2018;2275,99
31/01/2018;2285,23
30/01/2018;2278,14
29/01/2018;2275,42
26/01/2018;2279,14
24/01/2018;2265,38
23/01/2018;2260
22/01/2018;2263,35
19/01/2018;2267,67
18/01/2018;2264,62
17/01/2018;2262,37
16/01/2018;2258,71
15/01/2018;2250,38
12/01/2018;2251,56
11/01/2018;2246,55
10/01/2018;2243,41
09/01/2018;2240,93
08/01/2018;2242,59
05/01/2018;2244,81
04/01/2018;2248,29
03/01/2018;2247,45
02/01/2018;2238,05
28/12/2017;2226,46
27/12/2017;2217,01
26/12/2017;2203,37
22/12/2017;2187,08
21/12/2017;2190,37
20/12/2017;2191,38
19/12/2017;2196,71
18/12/2017;2194,18
15/12/2017;2194,89
14/12/2017;2190,23
13/12/2017;2194,37
12/12/2017;2193,57
11/12/2017;2193,47
08/12/2017;2205,64
07/12/2017;2197,86
06/12/2017;2207,24
05/12/2017;2205,38
04/12/2017;2203,3
01/12/2017;2205,56
30/11/2017;2213,08
29/11/2017;2209,02
28/11/2017;2215,35
27/11/2017;2211,33
24/11/2017;2223,07
23/11/2017;2220,66
22/11/2017;2217,91
21/11/2017;2216,66
17/11/2017;2211,48
16/11/2017;2208,78
14/11/2017;2208,72
13/11/2017;2209,15
10/11/2017;2207,94
09/11/2017;2215,09
08/11/2017;2212,98
07/11/2017;2210,06
06/11/2017;2212,19
03/11/2017;2209,91
01/11/2017;2221,11
31/10/2017;2226,26
30/10/2017;2222,85
27/10/2017;2215,69
26/10/2017;2212
25/10/2017;2209,95
24/10/2017;2202,84
23/10/2017;2199,44
20/10/2017;2195,47
19/10/2017;2232,09
18/10/2017;2232,5
17/10/2017;2235,07
16/10/2017;2234,93
13/10/2017;2238,32
11/10/2017;2241,08
10/10/2017;2232,75
09/10/2017;2234,45
06/10/2017;2232,72
05/10/2017;2238,94
04/10/2017;2237,73
03/10/2017;2234,81
02/10/2017;2225,07
29/09/2017;2221,05
28/09/2017;2214,03
27/09/2017;2214,78
26/09/2017;2213,37
25/09/2017;2210,34
22/09/2017;2213,91
21/09/2017;2202,8
20/09/2017;2204,81
19/09/2017;2191,35
18/09/2017;2190,97
15/09/2017;2178,03
14/09/2017;2162,57
13/09/2017;2158,05
12/09/2017;2151,8
11/09/2017;2165,48
08/09/2017;2150,55
06/09/2017;2125,1
05/09/2017;2112,58
04/09/2017;2102,29
01/09/2017;2098,3
31/08/2017;2084
30/08/2017;2082,33
29/08/2017;2078,42
28/08/2017;2081,69
25/08/2017;2072,99
24/08/2017;2072,51
23/08/2017;2066,56
22/08/2017;2065,88
21/08/2017;2067,35
18/08/2017;2062,45
17/08/2017;2066,13
16/08/2017;2073,49
15/08/2017;2066,69
14/08/2017;2071,66
11/08/2017;2076,92
10/08/2017;2071,41
09/08/2017;2070,99
08/08/2017;2074,5
07/08/2017;2078,56
04/08/2017;2073,95
03/08/2017;2071,43
02/08/2017;2067,29
01/08/2017;2063,64
31/07/2017;2066,19
28/07/2017;2065
27/07/2017;2063,52
26/07/2017;2053,69
25/07/2017;2052,48
24/07/2017;2058,41
21/07/2017;2059,73
20/07/2017;2057,95
19/07/2017;2061,6
18/07/2017;2060,91
17/07/2017;2057,46
14/07/2017;2059,26
13/07/2017;2054,41
12/07/2017;2061,23
11/07/2017;2051,86
10/07/2017;2053,93
07/07/2017;2052,87
06/07/2017;2053,22
05/07/2017;2055,25
04/07/2017;2067,28
03/07/2017;2072,76
30/06/2017;2074,14
29/06/2017;2065,2
28/06/2017;2062,68
27/06/2017;2070,34
26/06/2017;2070,14
23/06/2017;2071,71
22/06/2017;2077,22
21/06/2017;2072,66
20/06/2017;2065,39
19/06/2017;2065,11
16/06/2017;2064,16
14/06/2017;2061,95
13/06/2017;2054,45
12/06/2017;2058,75
09/06/2017;2064,68
08/06/2017;2057,07
07/06/2017;2068,1
06/06/2017;2065,49
05/06/2017;2063,16
02/06/2017;2077,36
01/06/2017;2068,53
31/05/2017;2056,75
30/05/2017;2055,8
29/05/2017;2056,99
26/05/2017;2054
25/05/2017;2041,57
24/05/2017;2041,61
23/05/2017;2032,61
22/05/2017;2027,81
19/05/2017;2034,8
18/05/2017;2009,94
17/05/2017;2072,25
16/05/2017;2072,82
15/05/2017;2067,62
12/05/2017;2059,61
11/05/2017;2049,03
10/05/2017;2051,21
09/05/2017;2050,42
08/05/2017;2046,73
05/05/2017;2047,17
04/05/2017;2038,61
03/05/2017;2045,83
02/05/2017;2039,86
28/04/2017;2035,86
27/04/2017;2025,22
26/04/2017;2026,37
25/04/2017;2023,53
24/04/2017;2028,62
20/04/2017;2026,06
19/04/2017;2027,34
18/04/2017;2028,76
17/04/2017;2027,98
13/04/2017;2029,78
12/04/2017;2028,37
11/04/2017;2026,4
10/04/2017;2024,38
07/04/2017;2024,95
06/04/2017;2021,5
05/04/2017;2016,91
04/04/2017;2017,52
03/04/2017;2014,6
31/03/2017;2032,82
30/03/2017;2026,09
29/03/2017;2016,84
28/03/2017;2023,39
27/03/2017;2025,16
24/03/2017;2034,22
23/03/2017;2035,47
22/03/2017;2040,03
21/03/2017;2035,81
20/03/2017;2042,58
17/03/2017;2043,98
16/03/2017;2047,4
15/03/2017;2038,08
14/03/2017;2037,54
13/03/2017;2038,03
10/03/2017;2041,19
09/03/2017;2037,05
08/03/2017;2038,29
07/03/2017;2043,29
06/03/2017;2038,02
03/03/2017;2040,73
02/03/2017;2030,45
01/03/2017;2033,84
24/02/2017;2028,86
23/02/2017;2010,49
22/02/2017;2009,32
21/02/2017;1995,02
20/02/2017;1990,89
17/02/2017;1985,09
16/02/2017;1977,25
15/02/2017;1979,11
14/02/2017;1977,45
13/02/2017;1965,01
10/02/2017;1954,37
09/02/2017;1955,52
08/02/2017;1952,59
07/02/2017;1949,04
06/02/2017;1947,44
03/02/2017;1947,33
02/02/2017;1941,82
01/02/2017;1933,75
31/01/2017;1934,7
30/01/2017;1926,52
27/01/2017;1923,81
26/01/2017;1922,77
24/01/2017;1926,87
23/01/2017;1928,72
20/01/2017;1921,65
19/01/2017;1918,64
18/01/2017;1916,51
17/01/2017;1912,01
16/01/2017;1907,98
13/01/2017;1903,65
12/01/2017;1892,06
11/01/2017;1883,26
10/01/2017;1882,4
09/01/2017;1873,81
06/01/2017;1879,72
05/01/2017;1873,42
04/01/2017;1874,03
03/01/2017;1873,9
02/01/2017;1872,43
29/12/2016;1864,62
28/12/2016;1858,28
27/12/2016;1861,23
26/12/2016;1860,56
23/12/2016;1852,41
22/12/2016;1857,48
21/12/2016;1857,69
20/12/2016;1846,97
19/12/2016;1845,44
16/12/2016;1848,95
15/12/2016;1848,57
14/12/2016;1842,65
13/12/2016;1843,1
12/12/2016;1851,65
09/12/2016;1848,07
08/12/2016;1837,01
07/12/2016;1835,5
06/12/2016;1835,81
05/12/2016;1832,16
02/12/2016;1839,26
01/12/2016;1836,3
30/11/2016;1837,13
29/11/2016;1835,09
28/11/2016;1832,68
25/11/2016;1830,16
24/11/2016;1830,69
23/11/2016;1831,55
22/11/2016;1837,07
21/11/2016;1829,27
18/11/2016;1837,89
17/11/2016;1840,71
16/11/2016;1837,18
14/11/2016;1838,87
11/11/2016;1848,18
10/11/2016;1856,1
09/11/2016;1868,6
08/11/2016;1872,31
07/11/2016;1874,98
04/11/2016;1881,61
03/11/2016;1880,63
01/11/2016;1889,32
31/10/2016;1885,92
28/10/2016;1879
27/10/2016;1869,37
26/10/2016;1863,72
25/10/2016;1857,52
24/10/2016;1853,91
21/10/2016;1848,64
20/10/2016;1845,52
19/10/2016;1842,78
18/10/2016;1838,58
17/10/2016;1831,35
14/10/2016;1826,18
13/10/2016;1818,46
11/10/2016;1818,73
10/10/2016;1820,17
07/10/2016;1815,65
06/10/2016;1814,91
05/10/2016;1815,73
04/10/2016;1810,74
03/10/2016;1816,57
30/09/2016;1816,05
29/09/2016;1810
28/09/2016;1803,33
27/09/2016;1801,21
26/09/2016;1793,67
23/09/2016;1790,83
22/09/2016;1781,4
21/09/2016;1775,66
20/09/2016;1775,86
19/09/2016;1775,38
16/09/2016;1768,8
15/09/2016;1770,89
14/09/2016;1772,73
13/09/2016;1766,52
12/09/2016;1770,65
09/09/2016;1774,04
08/09/2016;1777,19
06/09/2016;1771,58
05/09/2016;1774
02/09/2016;1773,81
01/09/2016;1760,51
31/08/2016;1767,12
30/08/2016;1762,78
29/08/2016;1762,64
26/08/2016;1758,55
25/08/2016;1751,87
24/08/2016;1748,73
23/08/2016;1745,93
22/08/2016;1746,98
19/08/2016;1748,33
18/08/2016;1740,29
17/08/2016;1740,34
16/08/2016;1753,94
15/08/2016;1755,33
12/08/2016;1752,69
11/08/2016;1748,68
10/08/2016;1751,37
09/08/2016;1751,02
08/08/2016;1753,16
05/08/2016;1750,72
04/08/2016;1750,18
03/08/2016;1742,48
02/08/2016;1742
01/08/2016;1735
29/07/2016;1736
28/07/2016;1736,15
27/07/2016;1735,37
26/07/2016;1728,2
25/07/2016;1731,16
22/07/2016;1725,03
21/07/2016;1715,03
20/07/2016;1709,85
19/07/2016;1700,43
18/07/2016;1685,31
15/07/2016;1673,49
14/07/2016;1661,66
13/07/2016;1655,48
12/07/2016;1654,56
11/07/2016;1654,88
08/07/2016;1651,73
07/07/2016;1645,65
06/07/2016;1643,74
05/07/2016;1646,37
04/07/2016;1645,99
01/07/2016;1647,44
30/06/2016;1638,16
29/06/2016;1635,59
28/06/2016;1632,76
27/06/2016;1629,35
24/06/2016;1629,94
23/06/2016;1631,14
22/06/2016;1632,53
21/06/2016;1633,04
20/06/2016;1634,11
17/06/2016;1632,74
16/06/2016;1633,89
15/06/2016;1635,46
14/06/2016;1632,86
13/06/2016;1639,22
10/06/2016;1642,74
09/06/2016;1636,77
08/06/2016;1634,71
07/06/2016;1620,83
06/06/2016;1629,48
03/06/2016;1619,81
02/06/2016;1619,29
01/06/2016;1617,44
31/05/2016;1612,36
30/05/2016;1609,51
27/05/2016;1602,61
25/05/2016;1601,05
24/05/2016;1600,1
23/05/2016;1596,12
20/05/2016;1602,12
19/05/2016;1598,19
18/05/2016;1606,62
17/05/2016;1607,5
16/05/2016;1603,53
13/05/2016;1592,36
12/05/2016;1582,77
11/05/2016;1569,84
10/05/2016;1564,04
09/05/2016;1551,74
06/05/2016;1558,94
05/05/2016;1552,09
04/05/2016;1547,05
03/05/2016;1553,2
02/05/2016;1558,2
29/04/2016;1554,17
28/04/2016;1549,89
27/04/2016;1543,63
26/04/2016;1537,06
25/04/2016;1526,99
22/04/2016;1522,98
20/04/2016;1520,82
19/04/2016;1515,29
18/04/2016;1515,81
15/04/2016;1512,77
14/04/2016;1499,64
13/04/2016;1497,05
12/04/2016;1488,87
11/04/2016;1481,13
08/04/2016;1483
07/04/2016;1475,73
06/04/2016;1481,24
05/04/2016;1478,41
04/04/2016;1481,32
01/04/2016;1487,44
31/03/2016;1485,76
30/03/2016;1478,63
29/03/2016;1479,89
28/03/2016;1469,48
24/03/2016;1455,17
23/03/2016;1458,86
22/03/2016;1453,74
21/03/2016;1439,14
18/03/2016;1444,11
17/03/2016;1431,69
16/03/2016;1415,63
15/03/2016;1417,69
14/03/2016;1423,51
11/03/2016;1413,5
10/03/2016;1407,14
09/03/2016;1402,65
08/03/2016;1394,65
07/03/2016;1393,91
04/03/2016;1393,33
03/03/2016;1376,88
02/03/2016;1369,5
01/03/2016;1360,02
29/02/2016;1361,06
26/02/2016;1359,88
25/02/2016;1352,26
24/02/2016;1346,21
23/02/2016;1335,42
22/02/2016;1338,72
19/02/2016;1338,68
18/02/2016;1334,82
17/02/2016;1336,74
16/02/2016;1339,68
15/02/2016;1330,33
12/02/2016;1336,44
11/02/2016;1339,88
10/02/2016;1341,18
05/02/2016;1338,05
04/02/2016;1339,95
03/02/2016;1341,58
02/02/2016;1326,04
01/02/2016;1327,13
29/01/2016;1322,96
28/01/2016;1305,98
27/01/2016;1309
26/01/2016;1316,6
22/01/2016;1327,6
21/01/2016;1333,76
20/01/2016;1331,82
19/01/2016;1344,26
18/01/2016;1353,12
15/01/2016;1349,15
14/01/2016;1353,16
13/01/2016;1372,94
12/01/2016;1378,07
11/01/2016;1373,45
08/01/2016;1381,84
07/01/2016;1386,64
06/01/2016;1397,18
05/01/2016;1392,16
04/01/2016;1398,22
30/12/2015;1409,02
29/12/2015;1415,61
28/12/2015;1416,33
23/12/2015;1406,42
22/12/2015;1405,27
21/12/2015;1400,03
18/12/2015;1400,58
17/12/2015;1395,75
16/12/2015;1371,6
15/12/2015;1441,29
14/12/2015;1441,02
11/12/2015;1442,92
10/12/2015;1447,23
09/12/2015;1449,28
08/12/2015;1447,82
07/12/2015;1447,56
04/12/2015;1441,75
03/12/2015;1440,77
02/12/2015;1453,48
01/12/2015;1445,53
30/11/2015;1452,66
27/11/2015;1447,93
26/11/2015;1452,55
25/11/2015;1457,8
24/11/2015;1463,81
23/11/2015;1461,82
19/11/2015;1462,11
18/11/2015;1455,19
17/11/2015;1456,28
16/11/2015;1453,36
13/11/2015;1442,85
12/11/2015;1442,7
11/11/2015;1444,43
10/11/2015;1443,75
09/11/2015;1439,27
06/11/2015;1441,05
05/11/2015;1438,99
04/11/2015;1437,6
03/11/2015;1437,53
30/10/2015;1430,18
29/10/2015;1431,26
28/10/2015;1423,98
27/10/2015;1421,99
26/10/2015;1421,14
23/10/2015;1417,74
22/10/2015;1419,34
21/10/2015;1415,82
20/10/2015;1417,87
19/10/2015;1416,07
16/10/2015;1415,49
15/10/2015;1416,29
14/10/2015;1419,33
13/10/2015;1418,08
09/10/2015;1420,91
08/10/2015;1418,47
07/10/2015;1416,28
06/10/2015;1410,58
05/10/2015;1410,64
02/10/2015;1410,77
01/10/2015;1408,49
30/09/2015;1400,43
29/09/2015;1393,16
28/09/2015;1388,22
25/09/2015;1398,42
24/09/2015;1393,34
23/09/2015;1404,26
22/09/2015;1412,95
21/09/2015;1417,52
18/09/2015;1425
17/09/2015;1433,03
16/09/2015;1430,75
15/09/2015;1430,08
14/09/2015;1425,95
11/09/2015;1425,24
10/09/2015;1431,8
09/09/2015;1442,9
08/09/2015;1447,81
04/09/2015;1447,49
03/09/2015;1449,93
02/09/2015;1450,41
01/09/2015;1452,21
31/08/2015;1458,13
28/08/2015;1458,02
27/08/2015;1456,01
26/08/2015;1449,72
25/08/2015;1449,33
24/08/2015;1451,17
21/08/2015;1451,71
20/08/2015;1451,1
19/08/2015;1448,08
18/08/2015;1450,92
17/08/2015;1453,44
14/08/2015;1451,08
13/08/2015;1452,36
12/08/2015;1452,13
11/08/2015;1453,03
10/08/2015;1454,89
07/08/2015;1451,37
06/08/2015;1456
05/08/2015;1464,14
04/08/2015;1466,85
03/08/2015;1472,12
31/07/2015;1470,74
30/07/2015;1466,67
29/07/2015;1467,52
28/07/2015;1466,23
27/07/2015;1468,24
24/07/2015;1467,91
23/07/2015;1472,2
22/07/2015;1477,35
21/07/2015;1476,73
20/07/2015;1476,85
17/07/2015;1478,82
16/07/2015;1479,87
15/07/2015;1477,54
14/07/2015;1473,05
13/07/2015;1474,18
10/07/2015;1470,56
08/07/2015;1471,65
07/07/2015;1469,8
06/07/2015;1465,89
03/07/2015;1466,48
02/07/2015;1467,48
01/07/2015;1466,83
30/06/2015;1460,46
29/06/2015;1455,55
26/06/2015;1453,31
25/06/2015;1452,89
24/06/2015;1452,53
23/06/2015;1449,96
22/06/2015;1451,35
19/06/2015;1448,66
18/06/2015;1451,16
17/06/2015;1444,31
16/06/2015;1441,53
15/06/2015;1437,01
12/06/2015;1434,87
11/06/2015;1432,8
10/06/2015;1433,71
09/06/2015;1429,46
08/06/2015;1428,63
05/06/2015;1431,47
03/06/2015;1425,73
02/06/2015;1422,8
01/06/2015;1419,78
29/05/2015;1417,55
28/05/2015;1414,25
27/05/2015;1415,76
26/05/2015;1412,77
25/05/2015;1417,85
22/05/2015;1415,42
21/05/2015;1414,03
20/05/2015;1410,63
19/05/2015;1411,46
18/05/2015;1413,57
15/05/2015;1413,51
14/05/2015;1409,23
13/05/2015;1408,76
12/05/2015;1407,86
11/05/2015;1407,24
08/05/2015;1405,78
07/05/2015;1404,49
06/05/2015;1409,7
05/05/2015;1403,05
04/05/2015;1398,93
30/04/2015;1397,06
29/04/2015;1390,17
28/04/2015;1385,97
27/04/2015;1384,43
24/04/2015;1384,53
23/04/2015;1381,31
22/04/2015;1375,39
20/04/2015;1372,52
17/04/2015;1372,39
16/04/2015;1372,27
15/04/2015;1370,17
14/04/2015;1362,08
13/04/2015;1365,55
10/04/2015;1365,79
09/04/2015;1364,4
08/04/2015;1364,54
07/04/2015;1361,94
06/04/2015;1360,77
02/04/2015;1356,1
01/04/2015;1354,08
31/03/2015;1347,63
30/03/2015;1340,09
27/03/2015;1338,25
26/03/2015;1332,24
25/03/2015;1331,99
24/03/2015;1330,44
23/03/2015;1331,98
20/03/2015;1333,17
19/03/2015;1335,41
18/03/2015;1334,15
17/03/2015;1333,18
16/03/2015;1333,18
13/03/2015;1341,75
12/03/2015;1344,52
11/03/2015;1345,47
10/03/2015;1343,92
09/03/2015;1355,42
06/03/2015;1355,19
05/03/2015;1354,25
04/03/2015;1355,85
03/03/2015;1359,53
02/03/2015;1364,52
27/02/2015;1369,42
26/02/2015;1368,39
25/02/2015;1363,37
24/02/2015;1367,98
23/02/2015;1364,05
20/02/2015;1362,61
19/02/2015;1366,56
18/02/2015;1366,02
13/02/2015;1365,62
12/02/2015;1364,45
11/02/2015;1359,19
10/02/2015;1358,3
09/02/2015;1364,09
06/02/2015;1367,75
05/02/2015;1368,99
04/02/2015;1370,67
03/02/2015;1373,29
02/02/2015;1372,96
30/01/2015;1372,06
29/01/2015;1372,91
28/01/2015;1370,51
27/01/2015;1372,38
26/01/2015;1376,07
23/01/2015;1378,63
22/01/2015;1379,17
21/01/2015;1374,67
20/01/2015;1375,68
19/01/2015;1379,29
16/01/2015;1376,51
15/01/2015;1371,12
14/01/2015;1359,88
13/01/2015;1358,96
12/01/2015;1358,68
09/01/2015;1355,06
08/01/2015;1352,45
07/01/2015;1351
06/01/2015;1347,43
05/01/2015;1352,79
02/01/2015;1346,52
30/12/2014;1336,72
29/12/2014;1332,78
26/12/2014;1329,78
23/12/2014;1324,39
22/12/2014;1319,55
19/12/2014;1323,46
18/12/2014;1318,2
17/12/2014;1312,56
16/12/2014;1304,15
15/12/2014;1320,72
12/12/2014;1321,8
11/12/2014;1330,02
10/12/2014;1331,18
09/12/2014;1331,27
08/12/2014;1336,17
05/12/2014;1343,84
04/12/2014;1341,81
03/12/2014;1343,45
02/12/2014;1351,08
01/12/2014;1354,97
28/11/2014;1361,51
27/11/2014;1356,64
26/11/2014;1357,08
25/11/2014;1354,24
24/11/2014;1351,52
21/11/2014;1344,02
19/11/2014;1341,43
18/11/2014;1345,11
17/11/2014;1347,11
14/11/2014;1349,87
13/11/2014;1352,21
12/11/2014;1361,4
11/11/2014;1366,53
10/11/2014;1377,18
07/11/2014;1383,83
06/11/2014;1386,47
05/11/2014;1391,95
04/11/2014;1396,22
03/11/2014;1398,45
31/10/2014;1402,46
30/10/2014;1400,47
29/10/2014;1396,2
28/10/2014;1397,66
27/10/2014;1395,13
24/10/2014;1405,53
23/10/2014;1405,25
22/10/2014;1409,59
21/10/2014;1410,61
20/10/2014;1416,45
17/10/2014;1419,97
16/10/2014;1416,78
15/10/2014;1419,86
14/10/2014;1421,24
13/10/2014;1419,08
10/10/2014;1419,32
09/10/2014;1416,88
08/10/2014;1416,17
07/10/2014;1418,92
06/10/2014;1414,58
03/10/2014;1412,19
02/10/2014;1420,16
01/10/2014;1421,51
30/09/2014;1421,44
29/09/2014;1418,12
26/09/2014;1424,1
25/09/2014;1420,41
24/09/2014;1419,42
23/09/2014;1418,96
22/09/2014;1416,89
19/09/2014;1418,66
18/09/2014;1424,14
17/09/2014;1422,02
16/09/2014;1418,49
15/09/2014;1417,65
12/09/2014;1414,03
11/09/2014;1414,92
10/09/2014;1412,52
09/09/2014;1413,96
08/09/2014;1412,31
05/09/2014;1415,76
04/09/2014;1420,67
03/09/2014;1418,18
02/09/2014;1418,07
01/09/2014;1413,51
29/08/2014;1413,1
28/08/2014;1405,66
27/08/2014;1400,58
26/08/2014;1394,49
25/08/2014;1396,11
22/08/2014;1398,1
21/08/2014;1399,34
20/08/2014;1393,05
19/08/2014;1396,9
18/08/2014;1394,97
15/08/2014;1397,15
14/08/2014;1391,48
13/08/2014;1392,7
12/08/2014;1389,8
11/08/2014;1391,82
08/08/2014;1390,25
07/08/2014;1392,72
06/08/2014;1393,9
05/08/2014;1397,56
04/08/2014;1402,19
01/08/2014;1410,03
31/07/2014;1409,42
30/07/2014;1408,57
29/07/2014;1408,7
28/07/2014;1402,94
25/07/2014;1407,14
24/07/2014;1406,35
23/07/2014;1404,06
22/07/2014;1404,87
21/07/2014;1399,73
18/07/2014;1394,02
17/07/2014;1392,95
16/07/2014;1389,69
15/07/2014;1391,82
14/07/2014;1390,27
11/07/2014;1387,2
10/07/2014;1388,36
08/07/2014;1391
07/07/2014;1386,06
04/07/2014;1389,25
03/07/2014;1390,76
02/07/2014;1390,58
01/07/2014;1387,99
30/06/2014;1387,63
27/06/2014;1383,52
26/06/2014;1381,49
25/06/2014;1381,84
24/06/2014;1379,95
23/06/2014;1376,34
20/06/2014;1374,37
18/06/2014;1376,06
17/06/2014;1376,44
16/06/2014;1375,3
13/06/2014;1375,8
11/06/2014;1372,33
10/06/2014;1372,16
09/06/2014;1371,7
06/06/2014;1372,81
05/06/2014;1369,85
04/06/2014;1368,08
03/06/2014;1366,52
02/06/2014;1368,05
30/05/2014;1369,25
29/05/2014;1364,6
28/05/2014;1361,01
27/05/2014;1358,47
26/05/2014;1357,56
23/05/2014;1357,91
22/05/2014;1357,78
21/05/2014;1359,81
20/05/2014;1358,59
19/05/2014;1360,43
16/05/2014;1360,47
15/05/2014;1363,2
14/05/2014;1361,4
13/05/2014;1357,74
12/05/2014;1357,77
09/05/2014;1358,24
08/05/2014;1358,08
07/05/2014;1355,6
06/05/2014;1357,1
05/05/2014;1357,66
02/05/2014;1359,12
30/04/2014;1350,76
29/04/2014;1348,59
28/04/2014;1349,62
25/04/2014;1347,44
24/04/2014;1347,09
23/04/2014;1345,93
22/04/2014;1344,88
17/04/2014;1344,76
16/04/2014;1343,47
15/04/2014;1346,13
14/04/2014;1343,55
11/04/2014;1337,62
10/04/2014;1336,21
09/04/2014;1336,22
08/04/2014;1337,38
07/04/2014;1340,29
04/04/2014;1339,14
03/04/2014;1338,64
02/04/2014;1336,6
01/04/2014;1335,17
31/03/2014;1336,07
28/03/2014;1332,94
27/03/2014;1332,81
26/03/2014;1330,2
25/03/2014;1327,44
24/03/2014;1325,66
21/03/2014;1327,86
20/03/2014;1323,39
19/03/2014;1324,9
18/03/2014;1323,29
17/03/2014;1322,54
14/03/2014;1321,58
13/03/2014;1323,42
12/03/2014;1327,98
11/03/2014;1329,65
10/03/2014;1327,47
07/03/2014;1337,25
06/03/2014;1337,75
05/03/2014;1339,55
28/02/2014;1330,42
27/02/2014;1316,2
26/02/2014;1303,46
25/02/2014;1296,49
24/02/2014;1284
21/02/2014;1275,76
20/02/2014;1259,54
19/02/2014;1256,96
18/02/2014;1251,43
17/02/2014;1247,78
14/02/2014;1243,78
13/02/2014;1237,5
12/02/2014;1234,49
11/02/2014;1233,91
10/02/2014;1231,3
07/02/2014;1238,36
06/02/2014;1241,3
05/02/2014;1250,37
04/02/2014;1256,79
03/02/2014;1265,54
31/01/2014;1282,04
30/01/2014;1274,17
29/01/2014;1272,36
28/01/2014;1286,96
27/01/2014;1289,27
24/01/2014;1298,08
23/01/2014;1307,9
22/01/2014;1313,22
21/01/2014;1318,76
20/01/2014;1329,05
17/01/2014;1332,07
16/01/2014;1335,21
15/01/2014;1347,01
14/01/2014;1347,07
13/01/2014;1348,09
10/01/2014;1349,92
09/01/2014;1363,67
08/01/2014;1370,32
07/01/2014;1374,34
06/01/2014;1374,54
03/01/2014;1374,91
02/01/2014;1376,31
30/12/2013;1374,7
27/12/2013;1372,56
26/12/2013;1363
23/12/2013;1360,33
20/12/2013;1372,09
19/12/2013;1363,19
18/12/2013;1359,07
17/12/2013;1364,54
16/12/2013;1363,48
13/12/2013;1364,76
12/12/2013;1370,13
11/12/2013;1373,73
10/12/2013;1380,54
09/12/2013;1378,07
06/12/2013;1386,4
05/12/2013;1388,53
04/12/2013;1399,89
03/12/2013;1403,88
02/12/2013;1407,18
29/11/2013;1411,67
28/11/2013;1406,25
27/11/2013;1405,05
26/11/2013;1406,59
25/11/2013;1408,52
22/11/2013;1413,05
21/11/2013;1413,53
19/11/2013;1411,81
18/11/2013;1413,85
14/11/2013;1414,38
13/11/2013;1408,52
12/11/2013;1412,75
11/11/2013;1412,62
08/11/2013;1420,76
07/11/2013;1422,88
06/11/2013;1424,16
05/11/2013;1421,3
04/11/2013;1425,13
01/11/2013;1426,54
31/10/2013;1423,1
30/10/2013;1419,48
29/10/2013;1418,21
28/10/2013;1420,05
25/10/2013;1423,1
24/10/2013;1421,04
23/10/2013;1420,51
22/10/2013;1417,19
21/10/2013;1410,1
18/10/2013;1407,95
17/10/2013;1406,48
16/10/2013;1409,57
15/10/2013;1409,9
14/10/2013;1410,94
11/10/2013;1405,86
10/10/2013;1403,38
09/10/2013;1407,53
08/10/2013;1406,74
07/10/2013;1406,75
04/10/2013;1412,63
03/10/2013;1406,08
02/10/2013;1407,31
01/10/2013;1402,08
30/09/2013;1400,93
27/09/2013;1392,47
26/09/2013;1389,84
25/09/2013;1388,39
24/09/2013;1379,76
23/09/2013;1379,49
20/09/2013;1380,95
19/09/2013;1378,5
18/09/2013;1376,29
17/09/2013;1372,65
16/09/2013;1374,02
13/09/2013;1375,76
12/09/2013;1377,55
11/09/2013;1381,96
10/09/2013;1384,04
09/09/2013;1384,83
06/09/2013;1386,42
05/09/2013;1385,22
04/09/2013;1386,83
03/09/2013;1386,97
02/09/2013;1384,78
30/08/2013;1375,07
29/08/2013;1366,59
28/08/2013;1362,63
27/08/2013;1370,42
26/08/2013;1375,92
23/08/2013;1374,86
22/08/2013;1379,16
21/08/2013;1381,56
20/08/2013;1390,45
19/08/2013;1389,62
16/08/2013;1402,45
15/08/2013;1403,92
14/08/2013;1403,65
13/08/2013;1405,68
12/08/2013;1410,1
09/08/2013;1414,83
08/08/2013;1406,49
07/08/2013;1409,43
06/08/2013;1411,92
05/08/2013;1421,89
02/08/2013;1418,52
01/08/2013;1424,68
31/07/2013;1427,11
30/07/2013;1429,65
29/07/2013;1427,97
26/07/2013;1429,62
25/07/2013;1425,77
24/07/2013;1428,35
23/07/2013;1430,93
22/07/2013;1419,81
19/07/2013;1415,39
18/07/2013;1410,3
17/07/2013;1406,12
16/07/2013;1410,47
15/07/2013;1407,48
12/07/2013;1412,05
11/07/2013;1416,12
10/07/2013;1419,15
08/07/2013;1425,02
05/07/2013;1423,97
04/07/2013;1421,15
03/07/2013;1432,78
02/07/2013;1428,68
01/07/2013;1437,04
28/06/2013;1437,76
27/06/2013;1432,98
26/06/2013;1430,82
25/06/2013;1422,5
24/06/2013;1399,88
21/06/2013;1419,01
20/06/2013;1425,67
19/06/2013;1450,36
18/06/2013;1460,91
17/06/2013;1474,89
14/06/2013;1472,98
13/06/2013;1482,79
12/06/2013;1466,67
11/06/2013;1460,47
10/06/2013;1499,83
07/06/2013;1513,41
06/06/2013;1512,61
05/06/2013;1524,92
04/06/2013;1538,29
03/06/2013;1545,45
31/05/2013;1549,36
29/05/2013;1551,27
28/05/2013;1550,11
27/05/2013;1548,05
24/05/2013;1551,31
23/05/2013;1554,21
22/05/2013;1552,59
21/05/2013;1553,68
20/05/2013;1552,45
17/05/2013;1552,92
16/05/2013;1552,87
15/05/2013;1547,21
14/05/2013;1548,2
13/05/2013;1542,91
10/05/2013;1541,05
09/05/2013;1536,87
08/05/2013;1539,67
07/05/2013;1539,75
06/05/2013;1540,13
03/05/2013;1541,79
02/05/2013;1540,78
30/04/2013;1549
29/04/2013;1547,52
26/04/2013;1550,41
25/04/2013;1550,8
24/04/2013;1551,69
23/04/2013;1556,97
22/04/2013;1555,1
19/04/2013;1565,95
18/04/2013;1566,13
17/04/2013;1564,01
16/04/2013;1570
15/04/2013;1567,35
12/04/2013;1571,2
11/04/2013;1574,92
10/04/2013;1573,87
09/04/2013;1567,67
08/04/2013;1568,28
05/04/2013;1570,41
04/04/2013;1574,15
03/04/2013;1575,06
02/04/2013;1571,77
01/04/2013;1576,28
28/03/2013;1581,86
27/03/2013;1571,44
26/03/2013;1570,41
25/03/2013;1562,35
22/03/2013;1570,06
21/03/2013;1572,77
20/03/2013;1570,52
19/03/2013;1575,21
18/03/2013;1585,13
15/03/2013;1587,24
14/03/2013;1591,37
13/03/2013;1593,18
12/03/2013;1599,08
11/03/2013;1600,17
08/03/2013;1604,22
07/03/2013;1602,02
06/03/2013;1605,12
05/03/2013;1603,76
04/03/2013;1600,05
01/03/2013;1598,87
28/02/2013;1597,88
27/02/2013;1595,78
26/02/2013;1599,58
25/02/2013;1599,74
22/02/2013;1602,11
21/02/2013;1600,08
20/02/2013;1605,38
19/02/2013;1606,86
18/02/2013;1607,81
15/02/2013;1603,71
14/02/2013;1607,69
13/02/2013;1613,15
08/02/2013;1612,47
07/02/2013;1612,62
06/02/2013;1611,1
05/02/2013;1610,48
04/02/2013;1620,81
01/02/2013;1619,38
31/01/2013;1613,76
30/01/2013;1603,26
29/01/2013;1596,81
28/01/2013;1596,22
24/01/2013;1594,01
23/01/2013;1591,93
22/01/2013;1588,57
21/01/2013;1589,23
18/01/2013;1588,06
17/01/2013;1589,45
16/01/2013;1583,12
15/01/2013;1583,76
14/01/2013;1584,45
11/01/2013;1587,21
10/01/2013;1589,87
09/01/2013;1587,96
08/01/2013;1587,93
07/01/2013;1583,05
04/01/2013;1582,08
03/01/2013;1579,74
02/01/2013;1580,5
28/12/2012;1573,34
27/12/2012;1571,5
26/12/2012;1564,32
21/12/2012;1553,93
20/12/2012;1544,85
19/12/2012;1546,04
18/12/2012;1532,46
17/12/2012;1529,54
14/12/2012;1534,98
13/12/2012;1538,61
12/12/2012;1531,28
11/12/2012;1535,5
10/12/2012;1538,52
07/12/2012;1540,15
06/12/2012;1532,32
05/12/2012;1525,89
04/12/2012;1527,21
03/12/2012;1518,25
30/11/2012;1506,52
29/11/2012;1504,19
28/11/2012;1493,62
27/11/2012;1481,22
26/11/2012;1468,89
23/11/2012;1480,18
22/11/2012;1480,31
21/11/2012;1476,16
19/11/2012;1478,09
16/11/2012;1477,69
14/11/2012;1476,55
13/11/2012;1477,67
12/11/2012;1477,97
09/11/2012;1480,91
08/11/2012;1483,71
07/11/2012;1492,38
06/11/2012;1481,85
05/11/2012;1482,56
01/11/2012;1500,97
31/10/2012;1500,57
30/10/2012;1497,02
29/10/2012;1503
26/10/2012;1504,75
25/10/2012;1507,2
24/10/2012;1516,26
23/10/2012;1518,26
22/10/2012;1521,48
19/10/2012;1526,62
18/10/2012;1526,49
17/10/2012;1528,82
16/10/2012;1529,47
15/10/2012;1530,48
11/10/2012;1536,68
10/10/2012;1527,47
09/10/2012;1530,11
08/10/2012;1526,96
05/10/2012;1519,64
04/10/2012;1523,43
03/10/2012;1513,17
02/10/2012;1523,38
01/10/2012;1520,32
28/09/2012;1532
27/09/2012;1529,69
26/09/2012;1534,21
25/09/2012;1532,32
24/09/2012;1534,31
21/09/2012;1535,45
20/09/2012;1537,56
19/09/2012;1534,44
18/09/2012;1537,32
17/09/2012;1533,7
14/09/2012;1532,79
13/09/2012;1534,12
12/09/2012;1527,97
11/09/2012;1525,19
10/09/2012;1521,48
06/09/2012;1516,92
05/09/2012;1514,99
04/09/2012;1517,07
